GROUP,PACKAGE,CLASS,INSTRUCTION_MISSED,INSTRUCTION_COVERED,BRANCH_MISSED,BRANCH_COVERED,LINE_MISSED,LINE_COVERED,COMPLEXITY_MISSED,COMPLEXITY_COVERED,METHOD_MISSED,METHOD_COVERED
oss-lib-common,com.yirendai.oss.lib.common,Jackson2Utils,90,49,7,3,24,11,15,3,10,3
oss-lib-common,com.yirendai.oss.lib.common,Jackson2HackedJaxbAnnotationIntrospector,8,0,0,0,4,0,3,0,3,0
oss-lib-common,com.yirendai.oss.lib.common,CodecUtils,28,14,4,0,7,3,5,3,3,3
oss-lib-common,com.yirendai.oss.lib.common,CurlUtils,236,0,24,0,59,0,18,0,6,0
oss-lib-common,com.yirendai.oss.lib.common,Jackson2Configurator.BuildinJackson2Configurators,5,56,0,0,0,6,1,3,1,3
oss-lib-common,com.yirendai.oss.lib.common,DateTimeFormatterWrapper,15,17,0,0,3,5,1,2,1,2
oss-lib-common,com.yirendai.oss.lib.common,FileAndClasspathUtils.AssignableFilter,3,33,4,6,0,9,3,4,0,2
oss-lib-common,com.yirendai.oss.lib.common,ResourceUtils,9,15,0,0,4,3,1,2,1,2
oss-lib-common,com.yirendai.oss.lib.common,StringUtils,43,23,5,3,4,2,6,3,3,2
oss-lib-common,com.yirendai.oss.lib.common,JaxbMapWrapper,15,0,0,0,4,0,3,0,3,0
oss-lib-common,com.yirendai.oss.lib.common,JaxbMapAdapter,52,0,0,0,12,0,6,0,6,0
oss-lib-common,com.yirendai.oss.lib.common,Jackson2Utils.RuntimeJsonProcessingException,5,0,0,0,2,0,1,0,1,0
oss-lib-common,com.yirendai.oss.lib.common,FileAndClasspathUtils,92,43,10,2,17,11,10,3,5,2
oss-lib-common,com.yirendai.oss.lib.common,FileAndClasspathUtils.InterfaceFilter,26,0,6,0,6,0,5,0,2,0
oss-lib-common,com.yirendai.oss.lib.common,MapUtils,30,0,2,0,6,0,5,0,4,0
oss-lib-common,com.yirendai.oss.lib.common,BasicAuthUtils,84,69,5,1,16,11,5,3,2,3
oss-lib-common,com.yirendai.oss.lib.common,FileAndClasspathUtils.ClassPathScanningCandidateProvider,0,8,0,0,0,3,0,2,0,2
oss-lib-common,com.yirendai.oss.lib.common,JaxbUtils.DatimeAdapter,13,0,0,0,3,0,3,0,3,0
oss-lib-common,com.yirendai.oss.lib.common,SpringSecurityJackson2Module.Jackson2SpringSecurityConfigurator,5,23,0,0,0,2,1,3,1,3
oss-lib-common,com.yirendai.oss.lib.common,SpringSecurityJackson2Module,44,0,0,0,11,0,2,0,2,0
oss-lib-common,com.yirendai.oss.lib.common,GsonUtils,28,0,0,0,7,0,6,0,6,0
oss-lib-common,com.yirendai.oss.lib.common,Defaults,9,25,0,0,3,7,2,2,2,2
oss-lib-common,com.yirendai.oss.lib.common,JaxbUtils,49,0,0,0,13,0,3,0,3,0
oss-lib-common,com.yirendai.oss.lib.common,SpringSecurityJackson2Module.GrantedAuthorityDeserializer,32,0,2,0,9,0,3,0,2,0
oss-lib-common,com.yirendai.oss.lib.common,Jackson2Configurator.BuildinJackson2Configurators.new Jackson2Configurator.BuildinJackson2Configurators() {...},138,6,10,0,25,1,7,1,2,1
oss-lib-common,com.yirendai.oss.lib.common,Jackson2Configurator.BuildinJackson2Configurators.new Jackson2Configurator.BuildinJackson2Configurators() {...},30,6,0,0,7,1,1,1,1,1
oss-lib-common,com.yirendai.oss.lib.common,Jackson2Configurator.BuildinJackson2Configurators.new Jackson2Configurator.BuildinJackson2Configurators() {...},64,6,4,0,16,1,4,1,2,1
oss-lib-common,com.yirendai.oss.lib.common,RequestUtlis,46,0,8,0,15,0,7,0,3,0
oss-lib-common,com.yirendai.oss.lib.common,Jackson2Configurator.BuildinJackson2Configurators.new Jackson2Configurator.BuildinJackson2Configurators() {...},32,6,0,0,7,1,1,1,1,1
oss-lib-common,com.yirendai.oss.lib.common,DiscoverableEnums,285,0,20,0,58,0,24,0,14,0
oss-lib-common,com.yirendai.oss.lib.common,SpringSecurityJackson2Module.Jackson2SpringSecurityConfigurator.new SpringSecurityJackson2Module.Jackson2SpringSecurityConfigurator() {...},8,6,0,0,2,1,1,1,1,1
oss-lib-common,com.yirendai.oss.lib.common,Jackson2Configurator,48,0,2,0,14,0,5,0,4,0
oss-lib-common,com.yirendai.oss.lib.common,SpringSecurityJackson2Module.GrantedAuthoritySerializer,8,0,0,0,3,0,2,0,2,0
oss-lib-common,com.yirendai.oss.lib.common.crypto,AesException.AesError,15,123,0,0,2,14,4,2,4,2
oss-lib-common,com.yirendai.oss.lib.common.crypto,JwtEncryptor,47,0,2,0,12,0,6,0,5,0
oss-lib-common,com.yirendai.oss.lib.common.crypto,RsaDecryptor,13,62,3,3,4,16,3,5,0,5
oss-lib-common,com.yirendai.oss.lib.common.crypto,RsaEncryptor,14,58,3,3,4,15,4,5,1,5
oss-lib-common,com.yirendai.oss.lib.common.crypto,RsaKeyGenerator,116,335,14,10,18,61,15,12,5,10
oss-lib-common,com.yirendai.oss.lib.common.crypto,KeyExpression,157,37,31,1,15,9,24,5,8,5
oss-lib-common,com.yirendai.oss.lib.common.crypto,Aes,16,28,0,0,3,8,3,4,3,4
oss-lib-common,com.yirendai.oss.lib.common.crypto,Jwt,42,0,0,0,11,0,7,0,7,0
oss-lib-common,com.yirendai.oss.lib.common.crypto,RsaKey,280,293,23,5,49,56,23,19,9,19
oss-lib-common,com.yirendai.oss.lib.common.crypto,AesEncryptor,32,81,0,0,7,19,2,4,2,4
oss-lib-common,com.yirendai.oss.lib.common.crypto,Rsa,6,42,0,0,1,11,1,7,1,7
oss-lib-common,com.yirendai.oss.lib.common.crypto,JwtKeyGenerator,31,31,2,0,6,8,4,3,3,3
oss-lib-common,com.yirendai.oss.lib.common.crypto,AesDecryptor,26,53,0,0,6,14,1,4,1,4
oss-lib-common,com.yirendai.oss.lib.common.crypto,AesCbcKey,18,93,1,1,5,18,5,6,4,6
oss-lib-common,com.yirendai.oss.lib.common.crypto,AesException,20,0,0,0,7,0,3,0,3,0
oss-lib-common,com.yirendai.oss.lib.common.crypto,Cryptos,195,10,28,0,51,3,18,2,4,2
oss-lib-common,com.yirendai.oss.lib.common.crypto,JwtDecryptor,50,0,6,0,10,0,7,0,4,0
oss-lib-common,com.yirendai.oss.lib.common.crypto,RandomString.RandomStringImpl,0,40,0,2,0,10,0,4,0,3
oss-lib-common,com.yirendai.oss.lib.common.crypto,AesKeyGenerator,39,38,3,1,6,9,4,3,2,3
oss-lib-common,com.yirendai.oss.lib.common.crypto,Pkcs7Encoder,14,93,3,5,0,17,5,6,2,5
oss-lib-common,com.yirendai.oss.lib.common.crypto,JwtKey,7,34,0,0,2,10,1,4,1,4
oss-lib-common,com.yirendai.oss.lib.common.crypto,RandomString.RandomStrings,9,32,0,0,0,6,2,3,2,3
oss-lib-common,com.yirendai.oss.lib.common.msginterpolate,SpelMessageInterpolator,82,0,0,0,19,0,5,0,5,0
oss-lib-common,com.yirendai.oss.lib.common.msginterpolate,NoOpMessageInterpolator,5,0,0,0,2,0,2,0,2,0
oss-lib-common,com.yirendai.oss.boot.autoconfigure,PathUtils,74,60,1,1,25,12,6,6,5,6
oss-lib-common,com.yirendai.oss.boot.autoconfigure,OnNotEnvProductionCondition,42,0,4,0,10,0,5,0,3,0
oss-lib-common,com.yirendai.oss.boot.autoconfigure,AppType,9,49,0,0,0,5,2,2,2,2
oss-lib-common,com.yirendai.oss.boot.autoconfigure,AppLogProperties,6,0,0,0,2,0,1,0,1,0
oss-lib-common,com.yirendai.oss.boot.autoconfigure,AppProperties,149,58,7,3,32,8,26,5,22,4
oss-lib-common,com.yirendai.oss.boot.autoconfigure,AppSecurity,38,0,0,0,3,0,4,0,4,0
oss-lib-common,com.yirendai.oss.boot.autoconfigure,OnAppTypeCondition,67,0,2,0,15,0,5,0,4,0
oss-lib-common,com.yirendai.oss.boot.autoconfigure,OnAppSecurityCondition,56,0,6,0,15,0,6,0,3,0
oss-lib-common,com.yirendai.oss.boot.autoconfigure,AppUtils,118,0,12,0,25,0,10,0,4,0
oss-lib-common,com.yirendai.oss.boot.autoconfigure,AppSecurityProperties,829,0,138,0,36,0,107,0,38,0
oss-lib-common,com.yirendai.oss.boot.autoconfigure,AppErrorProperties,132,0,22,0,7,0,20,0,9,0
oss-lib-common,com.yirendai.oss.boot.autoconfigure,AppErrorProperties.SearchStrategy,38,0,0,0,2,0,4,0,4,0
